{"hiddenLayersSize":[4],"numberOfHiddenLayers":1,"numberOfInputs":2,"numberOfOutputs":1,"weights":[-0.8176717758178711,-0.6227232217788696,0.40671050548553467,-0.6783819794654846,-0.5164421200752258,0.4892753064632416,0.8850563764572144,-0.6422362327575684,0.2208857536315918,-0.7650643587112427,0.7789660692214966,-0.11165780574083328]}