{"hiddenLayersSize":[4],"numberOfHiddenLayers":1,"numberOfInputs":2,"numberOfOutputs":1,"weights":[0.30485019087791443,0.236362487077713,-0.7426508069038391,0.9356884956359863,0.0018413006328046322,-0.0473908856511116,-0.30219781398773193,-0.8325526714324951,0.4033765196800232,0.8610909581184387,-0.7258485555648804,-0.8955989480018616]}