{"hiddenLayersSize":[4],"numberOfHiddenLayers":1,"numberOfInputs":2,"numberOfOutputs":1,"weights":[-0.07135060429573059,-0.48235419392585754,-0.7764245867729187,0.48099052906036377,0.08982278406620026,0.5977165699005127,0.11567742377519608,0.9163380265235901,-0.8627063035964966,0.319662481546402,0.9742132425308228,-0.4534604847431183]}