{"hiddenLayersSize":[4],"numberOfHiddenLayers":1,"numberOfInputs":2,"numberOfOutputs":1,"weights":[0.47411343455314636,-0.592905580997467,-0.5543791055679321,0.8044768571853638,-0.08125554770231247,0.29107406735420227,0.8489070534706116,0.4630044400691986,-0.6450152397155762,0.5330106616020203,-0.44612324237823486,0.5402880907058716]}