{"hiddenLayersSize":[4],"numberOfHiddenLayers":1,"numberOfInputs":2,"numberOfOutputs":1,"weights":[-0.7014898657798767,-0.6752483248710632,-0.32797515392303467,-0.4094649851322174,-0.4173162579536438,0.41674545407295227,-0.4783374071121216,0.03426960110664368,0.22200262546539307,-0.6011955738067627,0.611230194568634,-0.30243897438049316]}