{"hiddenLayersSize":[2],"numberOfHiddenLayers":1,"numberOfInputs":2,"numberOfOutputs":1,"weights":[-0.6598033308982849,-0.8804775476455688,-0.8515014052391052,0.7262710332870483,-0.5370053052902222,0.5086550712585449]}