{"hiddenLayersSize":[4],"numberOfHiddenLayers":1,"numberOfInputs":2,"numberOfOutputs":1,"weights":[-0.08208674937486649,-0.15045902132987976,0.19904635846614838,0.7360066175460815,0.3829055726528168,-0.7826727032661438,0.6555695533752441,-0.9829738140106201,-0.1852133721113205,0.4256623685359955,0.4881868064403534,-0.8648165464401245]}