{"hiddenLayersSize":[4],"numberOfHiddenLayers":1,"numberOfInputs":2,"numberOfOutputs":1,"weights":[0.2244742512702942,0.05119176208972931,0.27592983841896057,-0.2702033519744873,0.4551786482334137,0.05909013748168945,-0.043281469494104385,0.27273955941200256,0.2829400300979614,-0.49120646715164185,0.36908671259880066,-0.5140330195426941]}