{"hiddenLayersSize":[4],"numberOfHiddenLayers":1,"numberOfInputs":2,"numberOfOutputs":1,"weights":[0.0971149429678917,-0.9384207129478455,-0.551527202129364,-0.42618292570114136,0.9542858600616455,-0.3752599060535431,-0.9636504650115967,0.8416516184806824,-0.3669392168521881,-0.45414358377456665,0.13403497636318207,0.49568358063697815]}