{"hiddenLayersSize":[4],"numberOfHiddenLayers":1,"numberOfInputs":2,"numberOfOutputs":1,"weights":[0.5190455317497253,-0.7969269752502441,0.44023367762565613,0.12271355837583542,0.5464484095573425,0.9526910185813904,0.46658363938331604,-0.8011578321456909,-0.8326161503791809,-0.6151211261749268,0.5988447070121765,0.8379815220832825]}