{"hiddenLayersSize":[4],"numberOfHiddenLayers":1,"numberOfInputs":2,"numberOfOutputs":1,"weights":[0.5055617094039917,0.5298445224761963,-0.7453967332839966,-0.8490244150161743,-0.7950295805931091,0.7933246493339539,0.9044707417488098,-0.7683881521224976,0.36922362446784973,-0.6019593477249146,0.40971413254737854,-0.4874442219734192]}